{
  "experiment": "dense_obstacles",
  "random_seed": 42,
  "config_path": "config/config.yaml",
  "n_obstacles": 20,
  "env_size": [
    50.0,
    30.0
  ],
  "start": [
    3.0,
    3.0
  ],
  "goal": [
    46.0,
    27.0
  ],
  "executed_steps": 949,
  "elapsed_seconds": 5.1978,
  "terminated_reason": "goal_reached",
  "collision_detected": false,
  "goal_reached": true,
  "final_true_pose": {
    "x": 45.4653,
    "y": 26.731,
    "theta_rad": 0.5555
  },
  "metrics": {
    "dead_reckoning": {
      "position_rmse": 2.0502265907178256,
      "position_mae": 1.4778127309633378,
      "heading_rmse": 0.13625351543614972,
      "heading_mae": 0.10701593663826026,
      "final_position_error": 4.856426328536899,
      "final_heading_error": 0.2877952118777407
    },
    "ekf": {
      "position_rmse": 0.02688890666903306,
      "position_mae": 0.023670883055747473,
      "heading_rmse": 0.011552432914666526,
      "heading_mae": 0.008985885051092013,
      "final_position_error": 0.01815135790580391,
      "final_heading_error": 0.0065153000036630715
    }
  },
  "navigation": {
    "planner": "RRT",
    "waypoint_count": 4,
    "rrt_iterations": 333,
    "rrt_tree_size": 245,
    "stuck_detected": false
  },
  "sensor_noise": {
    "lidar_range_sigma": 0.03,
    "imu_yaw_sigma": 0.01,
    "encoder_velocity_sigma": 0.02
  }
}