idx,x,y
0,3.00000,3.00000
1,43.80832,23.45431
2,44.20924,25.38503
3,46.00000,27.00000
