{
  "experiment": "baseline_warehouse",
  "random_seed": 42,
  "config_path": "config/config.yaml",
  "n_obstacles": 12,
  "env_size": [
    50.0,
    30.0
  ],
  "start": [
    3.0,
    3.0
  ],
  "goal": [
    46.0,
    27.0
  ],
  "executed_steps": 865,
  "elapsed_seconds": 3.6468,
  "terminated_reason": "goal_reached",
  "collision_detected": false,
  "goal_reached": true,
  "final_true_pose": {
    "x": 45.4924,
    "y": 26.7138,
    "theta_rad": 0.5134
  },
  "metrics": {
    "dead_reckoning": {
      "position_rmse": 1.7393635738464026,
      "position_mae": 1.2541027345807743,
      "heading_rmse": 0.11260957002493753,
      "heading_mae": 0.08940955364290058,
      "final_position_error": 4.34610262138263,
      "final_heading_error": 0.2710556643499409
    },
    "ekf": {
      "position_rmse": 0.027671891162941407,
      "position_mae": 0.024302401160069754,
      "heading_rmse": 0.011541934291851456,
      "heading_mae": 0.008824072177833,
      "final_position_error": 0.024950182585546297,
      "final_heading_error": 0.02551417836384484
    }
  },
  "navigation": {
    "planner": "RRT",
    "waypoint_count": 2,
    "rrt_iterations": 111,
    "rrt_tree_size": 94,
    "stuck_detected": false
  },
  "sensor_noise": {
    "lidar_range_sigma": 0.03,
    "imu_yaw_sigma": 0.01,
    "encoder_velocity_sigma": 0.02
  }
}