idx,x,y
0,3.00000,3.00000
1,46.00000,27.00000
